"DATE","START","VISITOR","V_PTS","HOME","H_PTS","OT","ATTENDANCE","V_DEFRTG","H_DEFRTG"
"Tue, Oct 27, 2015","8:00p","DET","106","ATL","94","nan","19,187","106.19","102"
"Tue, Oct 27, 2015","8:00p","CLE","95","CHI","97","nan","21,957","105.32","107.2"
"Tue, Oct 27, 2015","10:30p","NOP","95","GSW","111","nan","19,596","110.17","104.32"
"Wed, Oct 28, 2015","7:30p","PHI","95","BOS","112","nan","18,624","110.15","104.1"
"Wed, Oct 28, 2015","7:30p","CHI","115","BKN","100","nan","17,732","107.2","111.6"
"Wed, Oct 28, 2015","7:30p","UTA","87","DET","92","nan","18,434","104.78","106.19"
"Wed, Oct 28, 2015","8:00p","DEN","105","HOU","85","nan","18,240","109.47","109.1"
"Wed, Oct 28, 2015","10:30p","MIN","112","LAL","111","nan","18,997","111.02","112.4"
"Wed, Oct 28, 2015","8:00p","CLE","106","MEM","76","nan","18,119","105.32","108.69"
"Wed, Oct 28, 2015","7:30p","CHA","94","MIA","104","nan","19,724","105.01","105.34"
"Wed, Oct 28, 2015","8:00p","NYK","122","MIL","97","nan","18,717","108.43","109.65"
"Wed, Oct 28, 2015","8:00p","SAS","106","OKC","112","nan","18,203","99.55","106.22"
"Wed, Oct 28, 2015","7:00p","WAS","88","ORL","87","nan","18,846","106.48","107.47"
"Wed, Oct 28, 2015","10:00p","DAL","111","PHX","95","nan","18,055","107.48","109.8"
"Wed, Oct 28, 2015","10:00p","NOP","94","POR","112","nan","19,393","110.17","108.67"
"Wed, Oct 28, 2015","10:00p","LAC","111","SAC","104","nan","17,458","104.57","109.07"
"Wed, Oct 28, 2015","7:30p","IND","99","TOR","106","nan","19,800","103.51","106.16"
"Thu, Oct 29, 2015","7:00p","MEM","112","IND","103","nan","18,165","108.69","103.51"
"Thu, Oct 29, 2015","10:30p","DAL","88","LAC","104","nan","19,218","107.48","104.57"
"Thu, Oct 29, 2015","8:00p","ATL","112","NYK","101","nan","19,812","102","108.43"
"Fri, Oct 30, 2015","8:00p","CHA","94","ATL","97","nan","17,024","105.01","102"
"Fri, Oct 30, 2015","7:30p","TOR","113","BOS","103","nan","16,898","106.16","104.1"
"Fri, Oct 30, 2015","7:00p","MIA","92","CLE","102","nan","20,562","105.34","105.32"
"Fri, Oct 30, 2015","9:00p","MIN","95","DEN","78","nan","17,660","111.02","109.47"
"Fri, Oct 30, 2015","7:30p","CHI","94","DET","98","OT","16,035","107.2","106.19"
"Fri, Oct 30, 2015","9:30p","GSW","112","HOU","92","nan","18,142","104.32","109.1"
"Fri, Oct 30, 2015","8:00p","WAS","118","MIL","113","nan","13,858","106.48","109.65"
"Fri, Oct 30, 2015","7:00p","OKC","139","ORL","136","2OT","18,846","106.22","107.47"
"Fri, Oct 30, 2015","7:00p","UTA","99","PHI","71","nan","17,122","104.78","110.15"
"Fri, Oct 30, 2015","10:30p","POR","92","PHX","110","nan","18,055","108.67","109.8"
"Fri, Oct 30, 2015","10:00p","LAL","114","SAC","132","nan","17,391","112.4","109.07"
"Fri, Oct 30, 2015","8:30p","BKN","75","SAS","102","nan","18,418","111.6","99.55"
"Sat, Oct 31, 2015","7:00p","UTA","97","IND","76","nan","14,412","104.78","103.51"
"Sat, Oct 31, 2015","8:00p","BKN","91","MEM","101","nan","16,013","111.6","108.69"
"Sat, Oct 31, 2015","7:00p","NYK","117","WAS","110","nan","20,356","108.43","106.48"
"Sun, Nov 1, 2015","3:30p","SAS","95","BOS","87","nan","17,461","99.55","104.1"
"Sun, Nov 1, 2015","7:00p","ORL","87","CHI","92","nan","21,585","107.47","107.2"
"Sun, Nov 1, 2015","9:30p","DAL","103","LAL","93","nan","18,997","107.48","112.4"
"Sun, Nov 1, 2015","6:00p","HOU","89","MIA","109","nan","19,600","109.1","105.34"
"Sun, Nov 1, 2015","7:00p","DEN","93","OKC","117","nan","18,203","109.47","106.22"
"Sun, Nov 1, 2015","6:00p","MIL","87","TOR","106","nan","19,800","109.65","106.16"
"Mon, Nov 2, 2015","7:30p","MIL","103","BKN","96","nan","12,576","109.65","111.6"
"Mon, Nov 2, 2015","10:30p","MEM","69","GSW","119","nan","19,596","108.69","104.32"
"Mon, Nov 2, 2015","8:00p","OKC","105","HOU","110","nan","17,224","106.22","109.1"
"Mon, Nov 2, 2015","10:30p","PHX","96","LAC","102","nan","19,060","109.8","104.57"
"Mon, Nov 2, 2015","8:00p","POR","106","MIN","101","nan","18,903","108.67","111.02"
"Mon, Nov 2, 2015","7:30p","SAS","94","NYK","84","nan","19,812","99.55","108.43"
"Mon, Nov 2, 2015","7:00p","CLE","107","PHI","100","nan","18,094","105.32","110.15"
"Tue, Nov 3, 2015","7:00p","CHI","105","CHA","130","nan","15,136","107.2","105.01"
"Tue, Nov 3, 2015","8:30p","TOR","102","DAL","91","nan","20,034","106.16","107.48"
"Tue, Nov 3, 2015","7:30p","IND","94","DET","82","nan","13,325","103.51","106.19"
"Tue, Nov 3, 2015","10:30p","DEN","120","LAL","109","nan","18,997","109.47","112.4"
"Tue, Nov 3, 2015","7:30p","ATL","98","MIA","92","nan","19,600","102","105.34"
"Tue, Nov 3, 2015","8:00p","ORL","103","NOP","94","nan","16,876","107.47","110.17"
"Tue, Nov 3, 2015","10:00p","MEM","103","SAC","89","nan","17,317","108.69","109.07"
"Wed, Nov 4, 2015","8:00p","BKN","87","ATL","101","nan","14,044","111.6","102"
"Wed, Nov 4, 2015","8:00p","NYK","86","CLE","96","nan","20,562","108.43","105.32"
"Wed, Nov 4, 2015","10:30p","LAC","108","GSW","112","nan","19,596","104.57","104.32"
"Wed, Nov 4, 2015","8:00p","ORL","114","HOU","119","OT","16,735","107.47","109.1"
"Wed, Nov 4, 2015","7:00p","BOS","98","IND","100","nan","14,022","104.1","103.51"
"Wed, Nov 4, 2015","8:00p","PHI","87","MIL","91","nan","12,437","110.15","109.65"
"Wed, Nov 4, 2015","8:00p","TOR","103","OKC","98","nan","18,203","106.16","106.22"
"Wed, Nov 4, 2015","9:00p","SAC","97","PHX","118","nan","16,497","109.07","109.8"
"Wed, Nov 4, 2015","9:00p","POR","108","UTA","92","nan","19,911","108.67","104.78"
"Wed, Nov 4, 2015","7:00p","SAS","99","WAS","102","nan","17,721","99.55","106.48"
"Thu, Nov 5, 2015","8:00p","OKC","98","CHI","104","nan","21,861","106.22","107.2"
"Thu, Nov 5, 2015","8:30p","CHA","108","DAL","94","nan","19,635","105.01","107.48"
"Thu, Nov 5, 2015","9:00p","UTA","96","DEN","84","nan","9,906","104.78","109.47"
"Thu, Nov 5, 2015","8:00p","MIA","96","MIN","84","nan","11,794","105.34","111.02"
"Thu, Nov 5, 2015","10:30p","MEM","96","POR","115","nan","19,393","108.69","108.67"
"Fri, Nov 6, 2015","7:30p","WAS","98","BOS","118","nan","18,624","106.48","104.1"
"Fri, Nov 6, 2015","7:30p","LAL","104","BKN","98","nan","17,732","112.4","111.6"
"Fri, Nov 6, 2015","10:30p","DEN","104","GSW","119","nan","19,596","109.47","104.32"
"Fri, Nov 6, 2015","8:00p","MIA","87","IND","90","nan","16,914","105.34","103.51"
"Fri, Nov 6, 2015","8:00p","ATL","121","NOP","115","nan","16,983","102","110.17"
"Fri, Nov 6, 2015","7:00p","TOR","87","ORL","92","nan","16,578","106.16","107.47"
"Fri, Nov 6, 2015","9:30p","DET","100","PHX","92","nan","16,676","106.19","109.8"
"Fri, Nov 6, 2015","10:30p","HOU","116","SAC","110","nan","16,983","109.1","109.07"
"Sat, Nov 7, 2015","7:30p","WAS","99","ATL","114","nan","18,047","106.48","102"
"Sat, Nov 7, 2015","6:00p","MIN","102","CHI","93","OT","21,988","111.02","107.2"
"Sat, Nov 7, 2015","8:30p","NOP","98","DAL","107","nan","20,454","110.17","107.48"
"Sat, Nov 7, 2015","10:30p","HOU","109","LAC","105","nan","19,361","109.1","104.57"
"Sat, Nov 7, 2015","7:00p","ORL","105","PHI","97","nan","15,207","107.47","110.15"
"Sat, Nov 7, 2015","10:00p","GSW","103","SAC","94","nan","17,317","104.32","109.07"
"Sat, Nov 7, 2015","8:30p","CHA","94","SAS","114","nan","18,418","105.01","99.55"
"Sat, Nov 7, 2015","9:00p","MEM","79","UTA","89","nan","19,456","108.69","104.78"
"Sun, Nov 8, 2015","3:30p","IND","97","CLE","101","nan","20,562","103.51","105.32"
"Sun, Nov 8, 2015","6:00p","TOR","76","MIA","96","nan","19,600","106.16","105.34"
"Sun, Nov 8, 2015","3:30p","LAL","95","NYK","99","nan","19,812","112.4","108.43"
"Sun, Nov 8, 2015","7:00p","PHX","103","OKC","124","nan","18,203","109.8","106.22"
"Sun, Nov 8, 2015","9:00p","DET","120","POR","103","nan","19,393","106.19","108.67"
"Mon, Nov 9, 2015","8:00p","MIN","117","ATL","107","nan","12,016","111.02","102"
"Mon, Nov 9, 2015","9:00p","POR","104","DEN","108","nan","9,153","108.67","109.47"
"Mon, Nov 9, 2015","10:30p","DET","95","GSW","109","nan","19,596","106.19","104.32"
"Mon, Nov 9, 2015","7:00p","ORL","84","IND","97","nan","13,104","107.47","103.51"
"Mon, Nov 9, 2015","10:30p","MEM","92","LAC","94","nan","19,060","108.69","104.57"
"Mon, Nov 9, 2015","7:00p","CHI","111","PHI","88","nan","13,879","107.2","110.15"
"Mon, Nov 9, 2015","10:00p","SAS","106","SAC","88","nan","17,317","99.55","109.07"
"Tue, Nov 10, 2015","7:00p","UTA","114","CLE","118","nan","20,562","104.78","105.32"
"Tue, Nov 10, 2015","7:30p","LAL","88","MIA","101","nan","19,825","112.4","105.34"
"Tue, Nov 10, 2015","8:00p","BOS","99","MIL","83","nan","11,822","104.1","109.65"
"Tue, Nov 10, 2015","8:00p","CHA","104","MIN","95","nan","14,722","105.01","111.02"
"Tue, Nov 10, 2015","7:30p","NYK","111","TOR","109","nan","19,800","108.43","106.16"
"Tue, Nov 10, 2015","7:00p","OKC","125","WAS","101","nan","20,356","106.22","106.48"
"Wed, Nov 11, 2015","7:00p","NYK","93","CHA","95","nan","16,643","108.43","105.01"
"Wed, Nov 11, 2015","9:00p","MIL","102","DEN","103","nan","9,403","109.65","109.47"
"Wed, Nov 11, 2015","8:00p","BKN","106","HOU","98","nan","18,155","111.6","109.1"
"Wed, Nov 11, 2015","7:00p","LAL","99","ORL","101","nan","18,846","112.4","107.47"
"Wed, Nov 11, 2015","7:00p","TOR","119","PHI","103","nan","12,744","106.16","110.15"
"Wed, Nov 11, 2015","10:30p","SAS","113","POR","101","nan","19,393","99.55","108.67"
"Wed, Nov 11, 2015","10:00p","DET","92","SAC","101","nan","17,317","106.19","109.07"
"Thu, Nov 12, 2015","7:30p","UTA","91","MIA","92","nan","19,600","104.78","105.34"
"Thu, Nov 12, 2015","8:00p","GSW","129","MIN","116","nan","16,130","104.32","111.02"
"Fri, Nov 13, 2015","7:30p","ATL","93","BOS","106","nan","17,138","102","104.1"
"Fri, Nov 13, 2015","7:00p","MIN","103","IND","107","nan","16,797","111.02","103.51"
"Fri, Nov 13, 2015","8:00p","PHI","85","OKC","102","nan","18,203","110.15","106.22"
"Fri, Nov 13, 2015","7:00p","UTA","93","ORL","102","nan","16,709","104.78","107.47"
"Fri, Nov 13, 2015","10:00p","BKN","109","SAC","111","nan","17,131","111.6","109.07"
"Fri, Nov 13, 2015","7:30p","NOP","81","TOR","100","nan","19,800","110.17","106.16"
"Sat, Nov 14, 2015","10:30p","BKN","99","GSW","107","OT","19,596","111.6","104.32"
"Sat, Nov 14, 2015","8:00p","DAL","110","HOU","98","nan","18,231","107.48","109.1"
"Sat, Nov 14, 2015","3:30p","DET","96","LAC","101","nan","19,060","106.19","104.57"
"Sat, Nov 14, 2015","8:30p","CLE","105","MIL","108","2OT","18,717","105.32","109.65"
"Sat, Nov 14, 2015","9:00p","DEN","81","PHX","105","nan","16,722","109.47","109.8"
"Sat, Nov 14, 2015","8:30p","PHI","83","SAS","92","nan","18,418","110.15","99.55"
"Sun, Nov 15, 2015","6:00p","UTA","97","ATL","96","nan","14,436","104.78","102"
"Sun, Nov 15, 2015","5:00p","POR","94","CHA","106","nan","15,317","108.67","105.01"
"Sun, Nov 15, 2015","9:30p","DET","85","LAL","97","nan","18,997","106.19","112.4"
"Sun, Nov 15, 2015","3:30p","MEM","114","MIN","106","nan","12,086","108.69","111.02"
"Sun, Nov 15, 2015","12:00p","NOP","87","NYK","95","nan","19,812","110.17","108.43"
"Sun, Nov 15, 2015","7:00p","BOS","100","OKC","85","nan","18,203","104.1","106.22"
"Sun, Nov 15, 2015","9:00p","TOR","101","SAC","107","nan","17,006","106.16","109.07"
"Mon, Nov 16, 2015","8:00p","IND","95","CHI","96","nan","21,660","103.51","107.2"
"Mon, Nov 16, 2015","8:00p","BOS","111","HOU","95","nan","17,005","104.1","109.1"
"Mon, Nov 16, 2015","8:00p","OKC","114","MEM","122","nan","17,270","106.22","108.69"
"Mon, Nov 16, 2015","7:00p","DAL","92","PHI","86","nan","11,555","107.48","110.15"
"Mon, Nov 16, 2015","9:00p","LAL","101","PHX","120","nan","18,055","112.4","109.8"
"Tue, Nov 17, 2015","7:30p","CLE","99","DET","104","nan","18,442","105.32","106.19"
"Tue, Nov 17, 2015","10:30p","TOR","110","GSW","115","nan","19,596","106.16","104.32"
"Tue, Nov 17, 2015","8:00p","DEN","115","NOP","98","nan","17,269","109.47","110.17"
"Wed, Nov 18, 2015","8:00p","SAC","97","ATL","103","nan","13,008","109.07","102"
"Wed, Nov 18, 2015","7:30p","DAL","106","BOS","102","nan","17,262","107.48","104.1"
"Wed, Nov 18, 2015","7:00p","BKN","111","CHA","116","nan","14,040","111.6","105.01"
"Wed, Nov 18, 2015","8:00p","POR","103","HOU","108","OT","17,107","108.67","109.1"
"Wed, Nov 18, 2015","8:00p","NOP","103","OKC","110","nan","18,203","110.17","106.22"
"Wed, Nov 18, 2015","7:00p","MIN","101","ORL","104","OT","16,048","111.02","107.47"
"Wed, Nov 18, 2015","7:00p","IND","112","PHI","85","nan","11,080","103.51","110.15"
"Wed, Nov 18, 2015","10:30p","CHI","103","PHX","97","nan","17,377","107.2","109.8"
"Wed, Nov 18, 2015","8:30p","DEN","98","SAS","109","nan","18,418","109.47","99.55"
"Wed, Nov 18, 2015","9:00p","TOR","89","UTA","93","nan","18,741","106.16","104.78"
"Thu, Nov 19, 2015","7:30p","SAC","109","MIA","116","nan","19,600","109.07","105.34"
"Fri, Nov 20, 2015","7:30p","BKN","95","BOS","120","nan","18,361","111.6","104.1"
"Fri, Nov 20, 2015","7:00p","PHI","88","CHA","113","nan","17,926","110.15","105.01"
"Fri, Nov 20, 2015","8:30p","UTA","93","DAL","102","nan","20,028","104.78","107.48"
"Fri, Nov 20, 2015","10:30p","CHI","94","GSW","106","nan","19,596","107.2","104.32"
"Fri, Nov 20, 2015","10:30p","TOR","102","LAL","91","nan","18,997","106.16","112.4"
"Fri, Nov 20, 2015","8:00p","HOU","84","MEM","96","nan","17,555","109.1","108.69"
"Fri, Nov 20, 2015","8:00p","DET","96","MIN","86","nan","13,445","106.19","111.02"
"Fri, Nov 20, 2015","8:00p","SAS","90","NOP","104","nan","16,698","99.55","110.17"
"Fri, Nov 20, 2015","8:00p","NYK","93","OKC","90","nan","18,203","108.43","106.22"
"Fri, Nov 20, 2015","10:00p","LAC","91","POR","102","nan","19,393","104.57","108.67"
"Sat, Nov 21, 2015","7:30p","ATL","97","CLE","109","nan","20,562","102","105.32"
"Sat, Nov 21, 2015","7:30p","WAS","97","DET","95","nan","15,890","106.48","106.19"
"Sat, Nov 21, 2015","8:00p","NYK","107","HOU","102","nan","18,226","108.43","109.1"
"Sat, Nov 21, 2015","7:00p","MIL","86","IND","123","nan","17,137","109.65","103.51"
"Sat, Nov 21, 2015","8:00p","PHI","91","MIA","96","nan","19,673","110.15","105.34"
"Sat, Nov 21, 2015","5:00p","SAC","97","ORL","91","nan","16,104","109.07","107.47"
"Sat, Nov 21, 2015","8:30p","MEM","82","SAS","92","nan","18,418","108.69","99.55"
"Sun, Nov 22, 2015","3:30p","TOR","91","LAC","80","nan","19,060","106.16","104.57"
"Sun, Nov 22, 2015","9:30p","POR","107","LAL","93","nan","18,997","108.67","112.4"
"Sun, Nov 22, 2015","6:00p","PHX","116","NOP","122","nan","16,680","109.8","110.17"
"Sun, Nov 22, 2015","7:00p","DAL","114","OKC","117","nan","18,203","107.48","106.22"
"Mon, Nov 23, 2015","7:00p","SAC","122","CHA","127","OT","14,163","109.07","105.01"
"Mon, Nov 23, 2015","7:00p","ORL","103","CLE","117","nan","20,562","107.47","105.32"
"Mon, Nov 23, 2015","7:30p","NYK","78","MIA","95","nan","19,777","108.43","105.34"
"Mon, Nov 23, 2015","8:00p","DET","88","MIL","109","nan","12,319","106.19","109.65"
"Mon, Nov 23, 2015","8:00p","PHI","95","MIN","100","nan","11,382","110.15","111.02"
"Mon, Nov 23, 2015","8:30p","PHX","84","SAS","98","nan","18,418","109.8","99.55"
"Mon, Nov 23, 2015","9:00p","OKC","111","UTA","89","nan","19,911","106.22","104.78"
"Tue, Nov 24, 2015","9:00p","LAC","111","DEN","94","nan","13,257","104.57","109.47"
"Tue, Nov 24, 2015","10:30p","LAL","77","GSW","111","nan","19,596","112.4","104.32"
"Tue, Nov 24, 2015","8:00p","DAL","96","MEM","110","nan","17,381","107.48","108.69"
"Tue, Nov 24, 2015","10:00p","CHI","93","POR","88","nan","19,393","107.2","108.67"
"Tue, Nov 24, 2015","7:00p","IND","123","WAS","106","nan","15,486","103.51","106.48"
"Wed, Nov 25, 2015","7:00p","WAS","87","CHA","101","nan","17,064","106.48","105.01"
"Wed, Nov 25, 2015","7:30p","MIA","81","DET","104","nan","15,119","105.34","106.19"
"Wed, Nov 25, 2015","10:30p","UTA","102","LAC","91","nan","19,060","104.78","104.57"
"Wed, Nov 25, 2015","8:00p","SAC","129","MIL","118","nan","14,120","109.07","109.65"
"Wed, Nov 25, 2015","8:00p","BKN","99","OKC","110","nan","18,203","111.6","106.22"
"Wed, Nov 25, 2015","7:00p","NYK","91","ORL","100","nan","18,846","108.43","107.47"
"Wed, Nov 25, 2015","8:30p","DAL","83","SAS","88","nan","18,418","107.48","99.55"
"Wed, Nov 25, 2015","7:30p","CLE","99","TOR","103","nan","20,140","105.32","106.16"
"Fri, Nov 27, 2015","7:00p","CLE","95","CHA","90","nan","19,093","105.32","105.01"
"Fri, Nov 27, 2015","8:00p","PHI","114","HOU","116","nan","17,306","110.15","109.1"
"Fri, Nov 27, 2015","10:30p","NOP","90","LAC","111","nan","19,162","110.17","104.57"
"Fri, Nov 27, 2015","8:00p","ATL","116","MEM","101","nan","17,684","102","108.69"
"Fri, Nov 27, 2015","8:00p","DET","87","OKC","103","nan","18,203","106.19","106.22"
"Fri, Nov 27, 2015","7:00p","MIL","90","ORL","114","nan","16,317","109.65","107.47"
"Fri, Nov 27, 2015","9:30p","GSW","135","PHX","116","nan","18,055","104.32","109.8"
"Fri, Nov 27, 2015","10:00p","MIN","101","SAC","91","nan","17,317","111.02","109.07"
"Sat, Nov 28, 2015","7:30p","BKN","88","CLE","90","nan","20,562","111.6","105.32"
"Sat, Nov 28, 2015","8:30p","DEN","81","DAL","92","nan","20,339","109.47","107.48"
"Sat, Nov 28, 2015","8:30p","ATL","88","SAS","108","nan","18,418","102","99.55"
"Sat, Nov 28, 2015","9:00p","NOP","87","UTA","101","nan","19,911","110.17","104.78"
"Sat, Nov 28, 2015","7:00p","TOR","84","WAS","82","nan","16,841","106.16","106.48"
"Sun, Nov 29, 2015","6:00p","DET","83","BKN","87","nan","12,823","106.19","111.6"
"Sun, Nov 29, 2015","2:00p","MIL","82","CHA","87","nan","14,224","109.65","105.01"
"Sun, Nov 29, 2015","3:30p","MIN","99","LAC","107","nan","19,060","111.02","104.57"
"Sun, Nov 29, 2015","9:30p","IND","107","LAL","103","nan","18,997","103.51","112.4"
"Sun, Nov 29, 2015","6:00p","PHI","84","MEM","92","nan","15,322","110.15","108.69"
"Sun, Nov 29, 2015","6:00p","BOS","91","ORL","110","nan","16,209","104.1","107.47"
"Sun, Nov 29, 2015","6:00p","PHX","107","TOR","102","nan","19,800","109.8","106.16"
"Mon, Nov 30, 2015","8:00p","OKC","100","ATL","106","nan","17,768","106.22","102"
"Mon, Nov 30, 2015","8:00p","SAS","89","CHI","92","nan","21,909","99.55","107.2"
"Mon, Nov 30, 2015","7:30p","HOU","105","DET","116","nan","14,818","109.1","106.19"
"Mon, Nov 30, 2015","7:30p","BOS","105","MIA","95","nan","19,600","104.1","105.34"
"Mon, Nov 30, 2015","10:00p","DAL","98","SAC","112","nan","16,937","107.48","109.07"
"Mon, Nov 30, 2015","9:00p","GSW","106","UTA","103","nan","19,911","104.32","104.78"
"Tue, Dec 1, 2015","7:30p","PHX","91","BKN","94","nan","12,787","109.8","111.6"
"Tue, Dec 1, 2015","7:00p","WAS","97","CLE","85","nan","20,562","106.48","105.32"
"Tue, Dec 1, 2015","8:00p","MEM","113","NOP","104","nan","16,020","108.69","110.17"
"Tue, Dec 1, 2015","7:00p","LAL","91","PHI","103","nan","20,510","112.4","110.15"
"Tue, Dec 1, 2015","10:00p","DAL","115","POR","112","OT","19,393","107.48","108.67"
"Wed, Dec 2, 2015","8:00p","TOR","96","ATL","86","nan","12,559","106.16","102"
"Wed, Dec 2, 2015","8:00p","DEN","90","CHI","99","nan","21,349","109.47","107.2"
"Wed, Dec 2, 2015","7:00p","GSW","116","CHA","99","nan","19,542","104.32","105.01"
"Wed, Dec 2, 2015","8:00p","NOP","101","HOU","108","nan","17,339","110.17","109.1"
"Wed, Dec 2, 2015","10:30p","IND","103","LAC","91","nan","19,060","103.51","104.57"
"Wed, Dec 2, 2015","7:30p","PHI","87","NYK","99","nan","19,812","110.15","108.43"
"Wed, Dec 2, 2015","8:30p","MIL","70","SAS","95","nan","18,418","109.65","99.55"
"Wed, Dec 2, 2015","7:00p","LAL","108","WAS","104","nan","20,356","112.4","106.48"
"Thu, Dec 3, 2015","7:00p","OKC","95","MIA","97","nan","19,600","106.22","105.34"
"Thu, Dec 3, 2015","10:00p","IND","111","POR","123","nan","19,206","103.51","108.67"
"Thu, Dec 3, 2015","10:00p","BOS","114","SAC","97","nan","18,660","104.1","109.07"
"Thu, Dec 3, 2015","7:30p","DEN","106","TOR","105","nan","19,800","109.47","106.16"
"Fri, Dec 4, 2015","8:00p","LAL","87","ATL","100","nan","19,051","112.4","102"
"Fri, Dec 4, 2015","9:30p","CLE","108","NOP","114","OT","17,906","105.32","110.17"
"Fri, Dec 4, 2015","7:00p","BKN","91","NYK","108","nan","19,812","111.6","108.43"
"Fri, Dec 4, 2015","7:00p","PHX","106","WAS","109","nan","17,255","109.8","106.48"
"Sat, Dec 5, 2015","10:30p","ORL","101","LAC","103","nan","19,146","107.47","104.57"
"Sat, Dec 5, 2015","1:00p","DEN","108","PHI","105","nan","15,677","109.47","110.15"
"Sun, Dec 6, 2015","3:30p","PHX","93","MEM","95","nan","16,022","109.8","108.69"
"Sun, Dec 6, 2015","7:00p","SAC","95","OKC","98","nan","18,203","109.07","106.22"
"Sun, Dec 6, 2015","6:00p","DAL","116","WAS","104","nan","16,394","107.48","106.48"
"Mon, Dec 7, 2015","7:00p","DET","84","CHA","104","nan","15,481","106.19","105.01"
"Mon, Dec 7, 2015","7:30p","WAS","114","MIA","103","nan","19,600","106.48","105.34"
"Mon, Dec 7, 2015","8:00p","POR","88","MIL","90","nan","14,389","108.67","109.65"
"Mon, Dec 7, 2015","8:00p","BOS","111","NOP","93","nan","15,715","104.1","110.17"
"Mon, Dec 7, 2015","7:30p","DAL","104","NYK","97","nan","19,812","107.48","108.43"
"Tue, Dec 8, 2015","7:00p","POR","100","CLE","105","nan","20,562","108.67","105.32"
"Tue, Dec 8, 2015","9:00p","ORL","85","DEN","74","nan","13,925","107.47","109.47"
"Tue, Dec 8, 2015","7:00p","GSW","131","IND","123","nan","18,165","104.32","103.51"
"Tue, Dec 8, 2015","10:00p","UTA","106","SAC","114","nan","16,505","104.78","109.07"
"Wed, Dec 9, 2015","7:00p","CHI","100","BOS","105","nan","17,318","107.2","104.1"
"Wed, Dec 9, 2015","9:30p","ATL","98","DAL","95","nan","19,936","102","107.48"
"Wed, Dec 9, 2015","7:30p","MEM","93","DET","92","nan","13,411","108.69","106.19"
"Wed, Dec 9, 2015","8:00p","LAC","109","MIL","95","nan","14,224","104.57","109.65"
"Wed, Dec 9, 2015","9:00p","ORL","104","PHX","107","nan","17,637","107.47","109.8"
"Wed, Dec 9, 2015","7:30p","SAS","94","TOR","97","nan","19,800","99.55","106.16"
"Wed, Dec 9, 2015","9:00p","NYK","85","UTA","106","nan","18,586","108.43","104.78"
"Wed, Dec 9, 2015","7:00p","HOU","109","WAS","103","nan","16,041","109.1","106.48"
"Thu, Dec 10, 2015","7:30p","PHI","91","BKN","100","nan","13,266","110.15","111.6"
"Thu, Dec 10, 2015","8:00p","LAC","80","CHI","83","nan","21,491","104.57","107.2"
"Thu, Dec 10, 2015","10:30p","NYK","97","SAC","99","nan","17,317","108.43","109.07"
"Fri, Dec 11, 2015","7:30p","GSW","124","BOS","119","2OT","18,624","104.32","104.1"
"Fri, Dec 11, 2015","8:00p","CHA","123","MEM","99","nan","17,111","105.01","108.69"
"Fri, Dec 11, 2015","8:00p","WAS","105","NOP","107","nan","16,875","106.48","110.17"
"Fri, Dec 11, 2015","7:00p","DET","107","PHI","95","nan","17,239","106.19","110.15"
"Fri, Dec 11, 2015","9:30p","LAL","87","SAS","109","nan","18,418","112.4","99.55"
"Sat, Dec 12, 2015","5:00p","LAC","105","BKN","100","nan","15,689","104.57","111.6"
"Sat, Dec 12, 2015","8:00p","NOP","94","CHI","98","nan","21,605","110.17","107.2"
"Sat, Dec 12, 2015","7:00p","BOS","98","CHA","93","nan","18,490","104.1","105.01"
"Sat, Dec 12, 2015","8:00p","LAL","97","HOU","126","nan","18,456","112.4","109.1"
"Sat, Dec 12, 2015","8:30p","GSW","95","MIL","108","nan","18,717","104.32","109.65"
"Sat, Dec 12, 2015","10:00p","NYK","112","POR","110","nan","19,511","108.43","108.67"
"Sun, Dec 13, 2015","6:00p","MEM","97","MIA","100","nan","19,813","108.69","105.34"
"Sun, Dec 13, 2015","3:30p","MIN","101","PHX","108","nan","16,919","111.02","109.8"
"Mon, Dec 14, 2015","7:30p","ORL","105","BKN","82","nan","12,946","107.47","111.6"
"Mon, Dec 14, 2015","8:00p","WAS","95","MEM","112","nan","15,397","106.48","108.69"
"Mon, Dec 14, 2015","8:30p","UTA","81","SAS","118","nan","18,418","104.78","99.55"
"Tue, Dec 15, 2015","7:30p","CLE","89","BOS","77","nan","18,624","105.32","104.1"
"Tue, Dec 15, 2015","10:30p","MIL","95","LAL","113","nan","18,997","109.65","112.4"
"Wed, Dec 16, 2015","8:00p","PHI","106","ATL","127","nan","14,827","110.15","102"
"Wed, Dec 16, 2015","7:30p","MIA","104","BKN","98","nan","15,113","105.34","111.6"
"Wed, Dec 16, 2015","8:00p","MEM","85","CHI","98","nan","21,032","108.69","107.2"
"Wed, Dec 16, 2015","7:30p","BOS","116","DET","119","nan","13,120","104.1","106.19"
"Wed, Dec 16, 2015","7:00p","DAL","81","IND","107","nan","14,824","107.48","103.51"
"Wed, Dec 16, 2015","7:30p","MIN","102","NYK","107","nan","19,812","111.02","108.43"
"Wed, Dec 16, 2015","8:00p","POR","90","OKC","106","nan","18,203","108.67","106.22"
"Wed, Dec 16, 2015","7:00p","CHA","98","ORL","113","nan","16,019","105.01","107.47"
"Thu, Dec 17, 2015","7:00p","TOR","99","CHA","109","OT","15,817","106.16","105.01"
"Thu, Dec 17, 2015","8:00p","OKC","100","CLE","104","nan","20,562","106.22","105.32"
"Fri, Dec 18, 2015","7:00p","BKN","97","IND","104","nan","16,548","111.6","103.51"
"Fri, Dec 18, 2015","7:00p","POR","94","ORL","102","nan","17,156","108.67","107.47"
"Fri, Dec 18, 2015","8:00p","LAC","107","SAS","115","nan","18,418","104.57","99.55"
"Sat, Dec 19, 2015","7:30p","CHI","91","NYK","107","nan","19,812","107.2","108.43"
"Sat, Dec 19, 2015","5:00p","LAL","78","OKC","118","nan","18,203","112.4","106.22"
"Sun, Dec 20, 2015","1:00p","MIN","100","BKN","85","nan","14,552","111.02","111.6"
"Sun, Dec 20, 2015","1:00p","POR","109","MIA","116","nan","19,600","108.67","105.34"
"Sun, Dec 20, 2015","6:00p","ATL","103","ORL","100","nan","16,982","102","107.47"
"Sun, Dec 20, 2015","5:00p","MIL","101","PHX","95","nan","16,859","109.65","109.8"
"Mon, Dec 21, 2015","8:00p","POR","97","ATL","106","nan","18,373","108.67","102"
"Mon, Dec 21, 2015","7:30p","MIN","99","BOS","113","nan","18,624","111.02","104.1"
"Mon, Dec 21, 2015","8:00p","CHA","95","HOU","102","nan","18,236","105.01","109.1"
"Mon, Dec 21, 2015","10:30p","OKC","100","LAC","99","nan","19,415","106.22","104.57"
"Mon, Dec 21, 2015","8:30p","IND","92","SAS","106","nan","18,418","103.51","99.55"
"Mon, Dec 21, 2015","9:00p","PHX","89","UTA","110","nan","19,911","109.8","104.78"
"Mon, Dec 21, 2015","7:00p","SAC","99","WAS","113","nan","15,124","109.07","106.48"
"Wed, Dec 23, 2015","7:30p","DAL","119","BKN","118","OT","15,994","107.48","111.6"
"Wed, Dec 23, 2015","7:00p","SAC","108","IND","106","nan","18,165","109.07","103.51"
"Wed, Dec 23, 2015","8:00p","SAS","108","MIN","83","nan","16,788","99.55","111.02"
"Fri, Dec 25, 2015","5:00p","CLE","83","GSW","89","nan","19,596","105.32","104.32"
"Fri, Dec 25, 2015","8:00p","SAS","84","HOU","88","nan","18,319","99.55","109.1"
"Fri, Dec 25, 2015","10:30p","LAC","94","LAL","84","nan","18,997","104.57","112.4"
"Fri, Dec 25, 2015","12:00p","NOP","88","MIA","94","OT","19,845","110.17","105.34"
"Sat, Dec 26, 2015","4:00p","WAS","111","BKN","96","nan","17,732","106.48","111.6"
"Sat, Dec 26, 2015","8:30p","CHI","111","DAL","118","nan","20,392","107.2","107.48"
"Sat, Dec 26, 2015","7:00p","MIA","108","ORL","101","nan","18,846","105.34","107.47"
"Sat, Dec 26, 2015","9:00p","PHI","111","PHX","104","nan","17,548","110.15","109.8"
"Sun, Dec 27, 2015","7:00p","NYK","91","BOS","100","nan","18,624","108.43","104.1"
"Sun, Dec 27, 2015","6:00p","LAL","96","MEM","112","nan","18,119","112.4","108.69"
"Sun, Dec 27, 2015","9:00p","POR","98","SAC","94","nan","17,317","108.67","109.07"
"Mon, Dec 28, 2015","8:00p","TOR","97","CHI","104","nan","21,898","106.16","107.2"
"Mon, Dec 28, 2015","7:00p","LAL","98","CHA","108","nan","19,632","112.4","105.01"
"Mon, Dec 28, 2015","8:30p","MIL","93","DAL","103","nan","20,300","109.65","107.48"
"Mon, Dec 28, 2015","7:00p","ATL","87","IND","93","nan","18,165","102","103.51"
"Mon, Dec 28, 2015","9:00p","CLE","101","PHX","97","nan","18,319","105.32","109.8"
"Mon, Dec 28, 2015","7:00p","LAC","108","WAS","91","nan","20,356","104.57","106.48"
"Tue, Dec 29, 2015","9:00p","CLE","93","DEN","87","nan","17,523","105.32","109.47"
"Tue, Dec 29, 2015","8:00p","ATL","121","HOU","115","nan","18,211","102","109.1"
"Tue, Dec 29, 2015","7:30p","DET","96","NYK","108","nan","19,812","106.19","108.43"
"Tue, Dec 29, 2015","8:00p","MIL","123","OKC","131","nan","18,203","109.65","106.22"
"Wed, Dec 30, 2015","7:30p","LAL","112","BOS","104","nan","18,624","112.4","104.1"
"Wed, Dec 30, 2015","7:00p","LAC","122","CHA","117","nan","19,145","104.57","105.01"
"Wed, Dec 30, 2015","8:30p","GSW","91","DAL","114","nan","20,494","104.32","107.48"
"Wed, Dec 30, 2015","8:00p","UTA","80","MIN","94","nan","14,326","104.78","111.02"
"Wed, Dec 30, 2015","10:00p","PHI","110","SAC","105","nan","17,317","110.15","109.07"
"Fri, Jan 1, 2016","7:30p","DAL","82","MIA","106","nan","19,748","107.48","105.34"
"Sat, Jan 2, 2016","7:00p","OKC","109","CHA","90","nan","19,387","106.22","105.01"
"Sat, Jan 2, 2016","10:30p","PHI","99","LAC","130","nan","19,212","110.15","104.57"
"Sat, Jan 2, 2016","8:00p","MIL","95","MIN","85","nan","14,107","109.65","111.02"
"Mon, Jan 4, 2016","7:30p","ORL","89","DET","115","nan","14,301","107.47","106.19"
"Mon, Jan 4, 2016","9:00p","HOU","93","UTA","91","nan","17,912","109.1","104.78"
"Tue, Jan 5, 2016","8:00p","MIL","106","CHI","117","nan","21,686","109.65","107.2"
"Wed, Jan 6, 2016","7:30p","TOR","91","BKN","74","nan","14,544","106.16","111.6"
"Wed, Jan 6, 2016","9:00p","CHA","102","PHX","111","nan","16,910","105.01","109.8"
"Fri, Jan 8, 2016","8:00p","DEN","84","MEM","91","nan","17,499","109.47","108.69"
"Fri, Jan 8, 2016","8:00p","CLE","125","MIN","99","nan","16,768","105.32","111.02"
"Fri, Jan 8, 2016","8:00p","IND","91","NOP","86","nan","16,895","103.51","110.17"
"Fri, Jan 8, 2016","9:30p","MIA","103","PHX","95","nan","16,866","105.34","109.8"
"Fri, Jan 8, 2016","10:00p","GSW","128","POR","108","nan","20,035","104.32","108.67"
"Sat, Jan 9, 2016","5:00p","CHI","105","ATL","120","nan","19,010","107.2","102"
"Sun, Jan 10, 2016","8:00p","CHA","92","DEN","95","nan","11,343","105.01","109.47"
"Sun, Jan 10, 2016","7:00p","IND","103","HOU","107","OT","18,133","103.51","109.1"
"Sun, Jan 10, 2016","9:30p","UTA","86","LAL","74","nan","18,997","104.78","112.4"
"Sun, Jan 10, 2016","6:00p","BOS","98","MEM","101","nan","17,112","104.1","108.69"
"Sun, Jan 10, 2016","5:00p","DAL","93","MIN","87","nan","14,363","107.48","111.02"
"Mon, Jan 11, 2016","8:00p","WAS","114","CHI","100","nan","21,409","106.48","107.2"
"Mon, Jan 11, 2016","10:30p","MIA","103","GSW","111","nan","19,596","105.34","104.32"
"Tue, Jan 12, 2016","8:30p","CLE","110","DAL","107","OT","20,347","105.32","107.48"
"Tue, Jan 12, 2016","7:30p","SAS","109","DET","99","nan","14,273","99.55","106.19"
"Tue, Jan 12, 2016","7:00p","PHX","97","IND","116","nan","15,284","109.8","103.51"
"Tue, Jan 12, 2016","10:30p","NOP","91","LAL","95","nan","18,997","110.17","112.4"
"Tue, Jan 12, 2016","8:00p","OKC","101","MIN","96","nan","14,791","106.22","111.02"
"Wed, Jan 13, 2016","8:00p","MIN","104","HOU","107","nan","17,115","111.02","109.1"
"Wed, Jan 13, 2016","10:30p","MIA","90","LAC","104","nan","19,194","105.34","104.57"
"Wed, Jan 13, 2016","10:00p","NOP","109","SAC","97","nan","17,317","110.17","109.07"
"Thu, Jan 14, 2016","8:00p","CLE","95","SAS","99","nan","18,418","105.32","99.55"
"Fri, Jan 15, 2016","7:30p","PHX","103","BOS","117","nan","18,624","109.8","104.1"
"Fri, Jan 15, 2016","7:30p","POR","116","BKN","104","nan","14,749","108.67","111.6"
"Fri, Jan 15, 2016","9:00p","MIA","98","DEN","95","nan","15,406","105.34","109.47"
"Fri, Jan 15, 2016","9:30p","CLE","91","HOU","77","nan","18,320","105.32","109.1"
"Fri, Jan 15, 2016","8:00p","ATL","101","MIL","108","OT","15,144","102","109.65"
"Fri, Jan 15, 2016","8:00p","CHA","107","NOP","109","nan","16,876","105.01","110.17"
"Sat, Jan 16, 2016","8:00p","NYK","95","MEM","103","nan","18,119","108.43","108.69"
"Sat, Jan 16, 2016","7:30p","POR","89","PHI","114","nan","15,698","108.67","110.15"
"Sun, Jan 17, 2016","8:00p","IND","126","DEN","129","nan","11,104","103.51","109.47"
"Mon, Jan 18, 2016","2:00p","UTA","119","CHA","124","2OT","17,459","104.78","105.01"
"Mon, Jan 18, 2016","2:00p","POR","108","WAS","98","nan","17,236","108.67","106.48"
"Tue, Jan 19, 2016","7:30p","MIL","91","MIA","79","nan","19,886","109.65","105.34"
"Tue, Jan 19, 2016","8:00p","MIN","99","NOP","114","nan","14,255","111.02","110.17"
"Thu, Jan 21, 2016","8:00p","LAC","102","CLE","115","nan","20,562","104.57","105.32"
"Thu, Jan 21, 2016","8:00p","DET","99","NOP","115","nan","15,281","106.19","110.17"
"Fri, Jan 22, 2016","7:30p","UTA","108","BKN","86","nan","12,809","104.78","111.6"
"Fri, Jan 22, 2016","8:00p","MIL","98","HOU","102","nan","17,196","109.65","109.1"
"Fri, Jan 22, 2016","7:30p","LAC","116","NYK","88","nan","19,812","104.57","108.43"
"Sat, Jan 23, 2016","9:30p","DET","101","DEN","104","nan","14,646","106.19","109.47"
"Sat, Jan 23, 2016","7:00p","MIL","99","NOP","116","nan","16,980","109.65","110.17"
"Sat, Jan 23, 2016","9:00p","ATL","95","PHX","98","nan","17,034","102","109.8"
"Mon, Jan 25, 2016","8:00p","MIA","89","CHI","84","nan","21,720","105.34","107.2"
"Mon, Jan 25, 2016","9:00p","ATL","119","DEN","105","nan","10,280","102","109.47"
"Mon, Jan 25, 2016","10:30p","SAS","90","GSW","120","nan","19,596","99.55","104.32"
"Mon, Jan 25, 2016","8:00p","ORL","102","MEM","108","OT","15,779","107.47","108.69"
"Wed, Jan 27, 2016","8:00p","LAC","85","ATL","83","nan","17,664","104.57","102"
"Wed, Jan 27, 2016","7:30p","DEN","103","BOS","111","nan","18,108","109.47","104.1"
"Thu, Jan 28, 2016","10:30p","CHI","114","LAL","91","nan","18,997","107.2","112.4"
"Thu, Jan 28, 2016","8:00p","MIL","83","MEM","103","nan","15,244","109.65","108.69"
"Thu, Jan 28, 2016","7:00p","DEN","117","WAS","113","nan","15,146","109.47","106.48"
"Fri, Jan 29, 2016","7:30p","PHX","84","NYK","102","nan","19,812","109.8","108.43"
"Sat, Jan 30, 2016","7:00p","BKN","103","NOP","105","nan","18,037","111.6","110.17"
"Sat, Jan 30, 2016","5:00p","GSW","108","PHI","105","nan","20,798","104.32","110.15"
"Sat, Jan 30, 2016","6:30p","DET","107","TOR","111","nan","19,800","106.19","106.16"
"Sun, Jan 31, 2016","7:30p","GSW","116","NYK","95","nan","19,812","104.32","108.43"
"Mon, Feb 1, 2016","8:30p","ORL","92","SAS","107","nan","18,418","107.47","99.55"
"Mon, Feb 1, 2016","9:00p","CHI","96","UTA","105","OT","18,811","107.2","104.78"
"Wed, Feb 3, 2016","10:00p","CHI","107","SAC","102","nan","17,317","107.2","109.07"
"Wed, Feb 3, 2016","8:00p","GSW","134","WAS","121","nan","20,356","104.32","106.48"
"Thu, Feb 4, 2016","9:00p","HOU","111","PHX","105","nan","15,723","109.1","109.8"
"Thu, Feb 4, 2016","10:00p","TOR","110","POR","103","nan","19,393","106.16","108.67"
"Fri, Feb 5, 2016","9:00p","MIL","81","UTA","84","nan","19,911","109.65","104.78"
"Fri, Feb 5, 2016","7:00p","PHI","94","WAS","106","nan","17,305","110.15","106.48"
"Sat, Feb 6, 2016","9:00p","OKC","108","GSW","116","nan","19,596","106.22","104.32"
"Sun, Feb 7, 2016","1:00p","DEN","101","NYK","96","nan","19,812","109.47","108.43"
"Mon, Feb 8, 2016","7:30p","DEN","104","BKN","105","nan","13,043","109.47","111.6"
"Mon, Feb 8, 2016","7:00p","SAC","100","CLE","120","nan","20,562","109.07","105.32"
"Tue, Feb 9, 2016","8:00p","SAS","119","MIA","101","nan","19,723","99.55","105.34"
"Wed, Feb 10, 2016","7:30p","LAC","134","BOS","139","OT","18,186","104.57","104.1"
"Wed, Feb 10, 2016","8:00p","LAL","111","CLE","120","nan","20,562","112.4","105.32"
"Wed, Feb 10, 2016","7:00p","CHA","117","IND","95","nan","15,653","105.01","103.51"
"Wed, Feb 10, 2016","8:00p","TOR","112","MIN","117","nan","11,171","106.16","111.02"
"Thu, Feb 18, 2016","7:00p","UTA","89","WAS","103","nan","12,415","104.78","106.48"
"Fri, Feb 19, 2016","8:00p","PHI","114","NOP","121","nan","16,953","110.15","110.17"
"Fri, Feb 19, 2016","8:00p","IND","101","OKC","98","nan","18,203","103.51","106.22"
"Fri, Feb 19, 2016","7:00p","DAL","104","ORL","110","OT","17,764","107.48","107.47"
"Fri, Feb 19, 2016","10:00p","DEN","110","SAC","116","nan","17,317","109.47","109.07"
"Fri, Feb 19, 2016","10:30p","BOS","93","UTA","111","nan","19,911","104.1","104.78"
"Sun, Feb 21, 2016","6:00p","MEM","85","TOR","98","nan","19,800","108.69","106.16"
"Mon, Feb 22, 2016","8:00p","GSW","102","ATL","92","nan","19,330","104.32","102"
"Wed, Feb 24, 2016","7:00p","NYK","105","IND","108","nan","16,018","108.43","103.51"
"Thu, Feb 25, 2016","7:00p","GSW","130","ORL","114","nan","19,189","104.32","107.47"
"Wed, Mar 2, 2016","7:30p","POR","93","BOS","116","nan","18,624","108.67","104.1"
"Wed, Mar 2, 2016","8:00p","WAS","104","MIN","98","nan","11,307","106.48","111.02"
"Sat, Mar 5, 2016","8:30p","HOU","100","CHI","108","nan","22,203","109.1","107.2"
"Sun, Mar 6, 2016","6:30p","HOU","113","TOR","107","nan","19,800","109.1","106.16"
"Wed, Mar 9, 2016","8:30p","DET","102","DAL","96","nan","20,249","106.19","107.48"
